timestamp,temperature_c
2025-02-19 16:59:05,17.75
2025-02-19 16:59:06,17.81
2025-02-19 16:59:08,17.81
2025-02-19 16:59:10,17.81
2025-02-19 16:59:12,17.81
2025-02-19 16:59:14,17.75
2025-02-19 16:59:16,17.88
2025-02-19 16:59:17,17.81
2025-02-19 16:59:19,17.81
2025-02-19 16:59:21,17.81
2025-02-19 16:59:23,17.88
2025-02-19 16:59:25,17.81
2025-02-19 16:59:27,17.88
2025-02-19 16:59:28,17.88
2025-02-19 16:59:30,17.88
2025-02-19 16:59:32,17.88
2025-02-19 16:59:34,17.81
2025-02-19 16:59:36,17.81
2025-02-19 16:59:37,17.75
2025-02-19 16:59:39,17.88
2025-02-19 16:59:41,17.94
2025-02-19 16:59:43,17.94
2025-02-19 16:59:45,17.81
2025-02-19 16:59:47,17.81
2025-02-19 16:59:48,17.81
2025-02-19 16:59:50,17.81
2025-02-19 16:59:52,17.75
2025-02-19 16:59:54,17.75
2025-02-19 16:59:56,17.56
2025-02-19 16:59:58,17.62
2025-02-19 16:59:59,17.69
2025-02-19 17:00:01,17.62
2025-02-19 17:00:03,17.62
2025-02-19 17:00:05,17.69
2025-02-19 17:00:07,17.56
2025-02-19 17:00:08,17.62
2025-02-19 17:00:10,17.62
2025-02-19 17:00:12,17.62
2025-02-19 17:00:14,17.56
2025-02-19 17:00:16,17.56
2025-02-19 17:00:18,17.62
2025-02-19 17:00:19,17.56
2025-02-19 17:00:21,17.62
2025-02-19 17:00:23,17.56
2025-02-19 17:00:25,17.62
2025-02-19 17:00:27,17.56
2025-02-19 17:00:29,17.62
2025-02-19 17:00:30,17.62
2025-02-19 17:00:32,17.62
2025-02-19 17:00:34,17.56
2025-02-19 17:00:36,17.56
2025-02-19 17:00:38,17.5
2025-02-19 17:00:39,17.62
2025-02-19 17:00:41,17.56
2025-02-19 17:00:43,17.56
2025-02-19 17:00:45,17.56
2025-02-19 17:00:47,17.56
2025-02-19 17:00:49,17.5
2025-02-19 17:00:50,17.56
2025-02-19 17:00:52,17.56
2025-02-19 17:00:54,17.56
2025-02-19 17:00:56,17.56
2025-02-19 17:00:58,17.56
2025-02-19 17:01:00,17.56
2025-02-19 17:01:01,17.56
2025-02-19 17:01:03,17.56
2025-02-19 17:01:05,17.56
2025-02-19 17:01:07,17.56
2025-02-19 17:01:09,17.5
2025-02-19 17:01:11,17.56
2025-02-19 17:01:12,17.56
2025-02-19 17:01:14,17.56
2025-02-19 17:01:16,17.56
2025-02-19 17:01:18,17.56
2025-02-19 17:01:20,17.5
2025-02-19 17:01:21,17.56
2025-02-19 17:01:23,17.56
2025-02-19 17:01:25,17.56
2025-02-19 17:01:27,17.56
2025-02-19 17:01:29,17.56
2025-02-19 17:01:31,17.5
2025-02-19 17:01:32,17.56
2025-02-19 17:01:34,17.56
2025-02-19 17:01:36,17.56
2025-02-19 17:01:38,17.56
2025-02-19 17:01:40,17.56
2025-02-19 17:01:42,17.56
2025-02-19 17:01:43,17.56
2025-02-19 17:01:45,17.56
2025-02-19 17:01:47,17.56
2025-02-19 17:01:49,17.56
2025-02-19 17:01:51,17.5
2025-02-19 17:01:53,17.5
2025-02-19 17:01:54,17.56
2025-02-19 17:01:56,17.56
2025-02-19 17:01:58,17.56
2025-02-19 17:02:00,17.56
2025-02-19 17:02:02,17.5
2025-02-19 17:02:03,17.56
2025-02-19 17:02:05,17.56
2025-02-19 17:02:07,17.56
2025-02-19 17:02:09,17.56
2025-02-19 17:02:11,17.56
2025-02-19 17:02:13,17.56
2025-02-19 17:02:14,17.56
2025-02-19 17:02:16,17.56
2025-02-19 17:02:18,17.62
2025-02-19 17:02:20,17.62
2025-02-19 17:02:22,17.56
2025-02-19 17:02:24,17.62
2025-02-19 17:02:25,17.62
2025-02-19 17:02:27,17.62
2025-02-19 17:02:29,17.62
2025-02-19 17:02:31,17.62
2025-02-19 17:02:33,17.56
2025-02-19 17:02:34,17.56
2025-02-19 17:02:36,17.62
2025-02-19 17:02:38,17.62
2025-02-19 17:02:40,17.62
2025-02-19 17:02:42,17.69
2025-02-19 17:02:44,17.62
2025-02-19 17:02:45,17.69
2025-02-19 17:02:47,17.69
2025-02-19 17:02:49,17.69
2025-02-19 17:02:51,17.69
2025-02-19 17:02:53,17.69
2025-02-19 17:02:55,17.75
2025-02-19 17:02:56,17.69
2025-02-19 17:02:58,17.75
2025-02-19 17:03:00,17.75
2025-02-19 17:03:02,17.75
2025-02-19 17:03:04,17.75
2025-02-19 17:03:05,17.75
2025-02-19 17:03:07,17.81
2025-02-19 17:03:09,17.81
2025-02-19 17:03:11,17.81
2025-02-19 17:03:13,17.81
2025-02-19 17:03:15,17.81
2025-02-19 17:03:16,17.88
2025-02-19 17:03:22,17.81
2025-02-19 17:03:24,17.81
2025-02-19 17:03:26,17.81
2025-02-19 17:03:28,17.75
2025-02-19 17:03:30,17.81
2025-02-19 17:03:31,17.81
2025-02-19 17:03:33,17.88
2025-02-19 17:03:35,17.88
2025-02-19 17:03:37,17.88
2025-02-19 17:03:39,17.94
2025-02-19 17:03:41,17.88
2025-02-19 17:03:42,17.94
2025-02-19 17:03:44,17.94
2025-02-19 17:03:46,17.88
2025-02-19 17:03:48,17.94
2025-02-19 17:03:50,17.94
2025-02-19 17:03:52,17.94
2025-02-19 17:03:53,17.88
2025-02-19 17:03:55,17.94
2025-02-19 17:03:57,17.94
2025-02-19 17:03:59,17.94
2025-02-19 17:04:01,17.94
2025-02-19 17:04:02,17.94
2025-02-19 17:04:04,18.0
2025-02-19 17:04:06,17.94
2025-02-19 17:04:08,18.0
2025-02-19 17:04:10,18.0
2025-02-19 17:04:12,18.0
2025-02-19 17:04:13,18.0
2025-02-19 17:04:15,18.0
2025-02-19 17:04:17,17.94
2025-02-19 17:04:19,18.0
2025-02-19 17:04:21,18.0
2025-02-19 17:04:23,18.0
2025-02-19 17:04:24,18.0
2025-02-19 17:04:26,17.94
2025-02-19 17:04:28,18.0
2025-02-19 17:04:30,18.0
2025-02-19 17:04:32,18.06
2025-02-19 17:04:33,18.0
2025-02-19 17:04:35,18.0
2025-02-19 17:04:37,18.0
2025-02-19 17:04:39,18.06
2025-02-19 17:04:41,18.0
2025-02-19 17:04:43,18.06
2025-02-19 17:04:44,18.06
2025-02-19 17:04:46,18.06
2025-02-19 17:04:48,18.0
2025-02-19 17:04:50,18.06
2025-02-19 17:04:52,18.0
2025-02-19 17:04:54,18.06
2025-02-19 17:04:55,18.06
2025-02-19 17:04:57,18.0
2025-02-19 17:04:59,18.06
2025-02-19 17:05:01,18.06
2025-02-19 17:05:03,18.06
2025-02-19 17:05:04,18.12
2025-02-19 17:05:06,18.12
2025-02-19 17:05:08,18.06
2025-02-19 17:05:10,18.06
2025-02-19 17:05:12,18.12
2025-02-19 17:05:14,18.12
2025-02-19 17:05:15,18.12
2025-02-19 17:05:17,18.12
2025-02-19 17:05:19,18.06
2025-02-19 17:05:21,18.06
2025-02-19 17:05:23,18.12
2025-02-19 17:05:25,18.12
2025-02-19 17:05:26,18.12
2025-02-19 17:05:28,18.12
2025-02-19 17:05:30,18.12
2025-02-19 17:05:32,18.19
2025-02-19 17:05:34,18.19
2025-02-19 17:05:35,18.19
2025-02-19 17:05:37,18.19
2025-02-19 17:05:39,18.12
2025-02-19 17:05:41,18.19
2025-02-19 17:05:43,18.19
2025-02-19 17:05:45,18.19
2025-02-19 17:05:46,18.19
2025-02-19 17:05:48,18.19
2025-02-19 17:05:50,18.12
2025-02-19 17:05:52,18.12
2025-02-19 17:05:54,18.19
2025-02-19 17:05:56,18.19
2025-02-19 17:05:57,18.19
2025-02-19 17:05:59,18.12
2025-02-19 17:06:01,18.06
2025-02-19 17:06:03,18.06
2025-02-19 17:06:05,18.12
2025-02-19 17:06:06,18.06
2025-02-19 17:06:08,18.06
2025-02-19 17:06:10,18.06
2025-02-19 17:06:12,18.0
2025-02-19 17:06:14,18.0
2025-02-19 17:06:16,18.0
2025-02-19 17:06:17,17.94
2025-02-19 17:06:19,17.94
2025-02-19 17:06:21,17.88
2025-02-19 17:06:23,17.88
2025-02-19 17:06:25,17.81
2025-02-19 17:06:27,17.75
2025-02-19 17:06:28,17.69
2025-02-19 17:06:30,17.62
2025-02-19 17:06:32,17.56
2025-02-19 17:06:34,17.56
2025-02-19 17:06:36,17.44
2025-02-19 17:06:38,17.38
2025-02-19 17:06:39,17.31
2025-02-19 17:06:41,17.25
2025-02-19 17:06:43,17.12
2025-02-19 17:06:45,17.06
2025-02-19 17:06:47,17.0
2025-02-19 17:06:48,16.88
2025-02-19 17:06:50,16.81
2025-02-19 17:06:52,16.69
2025-02-19 17:06:54,16.69
2025-02-19 17:06:56,16.38
2025-02-19 17:06:58,16.38
2025-02-19 17:06:59,16.31
2025-02-19 17:07:01,16.12
2025-02-19 17:07:03,16.0
2025-02-19 17:07:05,16.0
2025-02-19 17:07:07,15.88
2025-02-19 17:07:09,15.81
2025-02-19 17:07:10,15.69
2025-02-19 17:07:12,15.56
2025-02-19 17:07:14,15.44
2025-02-19 17:07:16,15.38
2025-02-19 17:07:18,15.31
2025-02-19 17:07:20,15.19
2025-02-19 17:07:21,15.12
2025-02-19 17:07:23,15.0
2025-02-19 17:07:25,14.88
2025-02-19 17:07:27,14.88
2025-02-19 17:07:29,14.75
2025-02-19 17:07:30,14.69
2025-02-19 17:07:32,14.62
2025-02-19 17:07:34,14.5
2025-02-19 17:07:36,14.38
2025-02-19 17:07:38,14.31
2025-02-19 17:07:40,14.25
2025-02-19 17:07:41,14.19
2025-02-19 17:07:43,14.06
2025-02-19 17:07:45,14.0
2025-02-19 17:07:47,13.94
2025-02-19 17:07:49,13.81
2025-02-19 17:07:51,13.75
2025-02-19 17:07:52,13.69
2025-02-19 17:07:54,13.56
2025-02-19 17:07:56,13.44
2025-02-19 17:07:58,13.38
2025-02-19 17:08:00,13.31
2025-02-19 17:08:01,13.19
2025-02-19 17:08:03,13.12
2025-02-19 17:08:05,13.0
2025-02-19 17:08:07,12.94
2025-02-19 17:08:09,12.88
2025-02-19 17:08:11,12.75
2025-02-19 17:08:12,12.69
2025-02-19 17:08:14,12.56
2025-02-19 17:08:16,12.44
2025-02-19 17:08:18,12.44
2025-02-19 17:08:20,12.31
2025-02-19 17:08:22,12.25
2025-02-19 17:08:23,12.19
2025-02-19 17:08:25,12.12
2025-02-19 17:08:27,12.0
2025-02-19 17:08:29,11.94
2025-02-19 17:08:31,11.88
2025-02-19 17:08:32,11.75
2025-02-19 17:08:34,11.69
2025-02-19 17:08:36,11.69
2025-02-19 17:08:38,11.56
2025-02-19 17:08:40,11.5
2025-02-19 17:08:42,11.44
2025-02-19 17:08:43,11.44
2025-02-19 17:08:45,11.31
2025-02-19 17:08:47,11.31
2025-02-19 17:08:49,11.19
2025-02-19 17:08:51,11.19
2025-02-19 17:08:53,11.12
2025-02-19 17:08:54,11.06
2025-02-19 17:08:56,11.0
2025-02-19 17:08:58,10.88
2025-02-19 17:09:00,10.88
2025-02-19 17:09:02,10.81
2025-02-19 17:09:03,10.69
2025-02-19 17:09:05,10.62
2025-02-19 17:09:07,10.62
2025-02-19 17:09:09,10.5
2025-02-19 17:09:11,10.5
2025-02-19 17:09:13,10.38
2025-02-19 17:09:14,10.38
2025-02-19 17:09:16,10.19
2025-02-19 17:09:18,10.19
2025-02-19 17:09:20,10.12
2025-02-19 17:09:22,10.06
2025-02-19 17:09:24,10.0
2025-02-19 17:09:25,9.94
2025-02-19 17:09:27,9.88
2025-02-19 17:09:29,9.81
2025-02-19 17:09:31,9.75
2025-02-19 17:09:33,9.69
2025-02-19 17:09:34,9.62
2025-02-19 17:09:36,9.56
2025-02-19 17:09:38,9.5
2025-02-19 17:09:40,9.38
2025-02-19 17:09:42,9.38
2025-02-19 17:09:44,9.38
2025-02-19 17:09:45,9.31
2025-02-19 17:09:47,9.25
2025-02-19 17:09:49,9.12
2025-02-19 17:09:51,9.06
2025-02-19 17:09:53,9.06
2025-02-19 17:09:55,9.06
2025-02-19 17:09:56,9.0
2025-02-19 17:09:58,8.94
2025-02-19 17:10:00,8.81
2025-02-19 17:10:02,8.69
2025-02-19 17:10:04,8.69
2025-02-19 17:10:05,8.62
2025-02-19 17:10:07,8.62
2025-02-19 17:10:09,8.5
2025-02-19 17:10:11,8.44
2025-02-19 17:10:13,8.38
2025-02-19 17:10:15,8.38
2025-02-19 17:10:16,8.31
2025-02-19 17:10:18,8.25
2025-02-19 17:10:20,8.19
2025-02-19 17:10:22,8.12
2025-02-19 17:10:24,8.06
2025-02-19 17:10:26,8.0
2025-02-19 17:10:27,8.0
2025-02-19 17:10:29,7.94
2025-02-19 17:10:31,7.88
2025-02-19 17:10:33,7.81
2025-02-19 17:10:35,7.81
2025-02-19 17:10:37,7.69
2025-02-19 17:10:38,7.69
2025-02-19 17:10:40,7.62
2025-02-19 17:10:42,7.56
2025-02-19 17:10:44,7.5
2025-02-19 17:10:46,7.44
2025-02-19 17:10:48,7.44
2025-02-19 17:10:49,7.38
2025-02-19 17:10:51,7.31
2025-02-19 17:10:53,7.31
2025-02-19 17:10:55,7.19
2025-02-19 17:10:57,7.19
2025-02-19 17:10:58,7.19
2025-02-19 17:11:00,7.06
2025-02-19 17:11:02,7.06
2025-02-19 17:11:04,6.94
2025-02-19 17:11:06,6.94
2025-02-19 17:11:08,6.94
2025-02-19 17:11:09,6.81
2025-02-19 17:11:11,6.81
2025-02-19 17:11:13,6.81
2025-02-19 17:11:15,6.69
2025-02-19 17:11:17,6.69
2025-02-19 17:11:19,6.69
2025-02-19 17:11:20,6.62
2025-02-19 17:11:22,6.56
2025-02-19 17:11:24,6.56
2025-02-19 17:11:26,6.44
2025-02-19 17:11:28,6.44
2025-02-19 17:11:29,6.44
2025-02-19 17:11:31,6.38
2025-02-19 17:11:33,6.31
2025-02-19 17:11:35,6.25
2025-02-19 17:11:37,6.25
2025-02-19 17:11:39,6.19
2025-02-19 17:11:40,6.12
2025-02-19 17:11:42,6.12
2025-02-19 17:11:44,6.06
2025-02-19 17:11:46,5.94
2025-02-19 17:11:48,5.94
2025-02-19 17:11:50,5.94
2025-02-19 17:11:51,5.88
2025-02-19 17:11:53,5.81
2025-02-19 17:11:55,5.75
2025-02-19 17:11:57,5.75
2025-02-19 17:11:59,5.75
2025-02-19 17:12:00,5.69
2025-02-19 17:12:02,5.62
2025-02-19 17:12:04,5.62
2025-02-19 17:12:06,5.56
2025-02-19 17:12:08,5.56
2025-02-19 17:12:10,5.38
2025-02-19 17:12:11,5.44
2025-02-19 17:12:13,5.38
2025-02-19 17:12:15,5.38
2025-02-19 17:12:17,5.31
2025-02-19 17:12:19,5.31
2025-02-19 17:12:21,5.31
2025-02-19 17:12:22,5.25
2025-02-19 17:12:24,5.25
2025-02-19 17:12:26,5.25
2025-02-19 17:12:28,5.12
2025-02-19 17:12:30,5.12
2025-02-19 17:12:32,5.12
2025-02-19 17:12:33,5.06
2025-02-19 17:12:35,5.06
2025-02-19 17:12:37,5.0
2025-02-19 17:12:39,5.0
2025-02-19 17:12:41,5.0
2025-02-19 17:12:42,4.94
2025-02-19 17:12:44,4.88
2025-02-19 17:12:46,4.88
2025-02-19 17:12:48,4.81
2025-02-19 17:12:50,4.81
2025-02-19 17:12:52,4.81
2025-02-19 17:12:53,4.75
2025-02-19 17:12:55,4.75
2025-02-19 17:12:57,25.0
2025-02-19 20:42:35,17.62
2025-02-19 20:42:37,17.69
2025-02-19 20:42:38,17.75
2025-02-19 20:51:27,17.81
2025-02-19 20:51:28,17.75
2025-02-19 20:51:30,17.75
2025-02-19 20:51:32,17.75
2025-02-19 20:51:34,17.75
2025-02-19 20:51:36,17.75
2025-02-19 20:51:38,17.75
2025-02-19 20:51:39,17.69
2025-02-19 20:51:41,17.75
2025-02-19 20:51:43,17.69
2025-02-19 20:51:45,17.69
2025-02-19 20:51:47,17.69
2025-02-19 20:51:48,17.75
2025-02-19 20:51:50,17.75
2025-02-19 20:51:52,17.75
2025-02-19 20:51:54,17.75
2025-02-19 20:51:56,17.75
2025-02-19 20:51:58,17.75
2025-02-19 20:51:59,17.75
2025-02-19 20:52:04,17.62
2025-02-19 20:52:06,17.75
2025-02-19 20:52:08,17.75
2025-02-19 20:52:10,17.69
2025-02-19 20:52:12,17.69
2025-02-19 20:52:15,17.69
2025-02-19 20:52:17,17.75
2025-02-19 20:52:19,17.69
2025-02-19 20:52:23,17.69
2025-02-19 20:52:25,17.69
2025-02-19 20:52:27,17.75
2025-02-19 20:52:29,17.75
2025-02-19 20:52:31,17.75
2025-02-19 20:52:33,17.75
2025-02-19 20:52:34,17.69
2025-02-19 20:52:36,17.69
2025-02-19 20:52:38,17.69
2025-02-19 20:52:40,17.75
2025-02-19 20:52:42,17.75
2025-02-19 20:52:44,17.75
2025-02-19 20:52:45,17.69
2025-02-19 20:52:47,17.75
2025-02-19 20:52:49,17.69
2025-02-19 20:52:51,17.75
2025-02-19 20:52:53,17.75
2025-02-19 20:52:55,17.75
2025-02-19 20:52:56,17.69
2025-02-19 20:52:58,17.69
2025-02-19 20:53:00,17.69
2025-02-19 20:53:02,17.69
2025-02-19 20:53:04,17.69
2025-02-19 20:53:05,17.69
2025-02-19 20:53:07,17.69
2025-02-19 20:53:09,17.75
2025-02-19 20:53:11,17.69
2025-02-19 20:53:13,17.69
2025-02-19 20:53:15,17.75
2025-02-19 20:53:16,17.69
2025-02-19 20:53:18,17.69
2025-02-19 20:53:20,17.69
2025-02-19 20:53:22,17.75
2025-02-19 20:53:24,17.69
2025-02-19 20:53:26,17.75
2025-02-19 20:53:27,17.75
2025-02-19 20:53:29,17.62
2025-02-19 20:53:31,17.62
2025-02-19 20:53:33,17.62
2025-02-19 20:53:35,17.69
2025-02-19 20:53:37,17.69
2025-02-19 20:53:38,17.69
2025-02-19 20:53:40,17.69
2025-02-19 20:53:42,17.69
2025-02-19 20:53:44,17.69
2025-02-19 20:53:46,17.69
2025-02-19 20:53:48,17.69
2025-02-19 20:53:49,17.69
2025-02-19 20:53:51,17.69
2025-02-19 20:53:53,17.69
2025-02-19 20:53:55,17.75
2025-02-19 20:53:57,17.75
2025-02-19 20:53:58,17.69
2025-02-19 20:54:00,17.69
2025-02-19 20:54:02,17.69
2025-02-19 20:54:04,17.69
2025-02-19 20:54:06,17.69
2025-02-19 20:54:08,17.69
2025-02-19 20:54:09,17.62
2025-02-19 20:54:11,17.69
2025-02-19 20:54:13,17.69
2025-02-19 20:54:15,17.69
2025-02-19 20:54:17,17.69
2025-02-19 20:54:19,17.69
2025-02-19 20:54:20,17.69
2025-02-19 20:54:22,17.69
2025-02-19 20:54:24,17.69
2025-02-19 20:54:26,17.69
2025-02-19 20:54:28,17.69
2025-02-19 20:54:29,17.69
2025-02-19 20:54:31,17.69
2025-02-19 20:54:33,17.69
2025-02-19 20:54:35,17.75
2025-02-19 20:54:37,17.69
2025-02-19 20:54:39,17.69
2025-02-19 20:54:40,17.69
2025-02-19 20:54:42,17.69
2025-02-19 20:54:44,17.69
2025-02-19 20:54:46,17.75
2025-02-19 20:54:48,17.69
2025-02-19 20:54:50,17.75
2025-02-19 20:54:51,17.62
2025-02-19 20:54:53,17.69
2025-02-19 20:54:55,17.69
2025-02-19 20:54:57,17.75
2025-02-19 20:54:59,17.69
2025-02-19 20:55:00,17.69
2025-02-19 20:55:02,17.69
2025-02-19 20:55:04,17.69
2025-02-19 20:55:06,17.69
2025-02-19 20:55:08,17.75
2025-02-19 20:55:10,17.69
2025-02-19 20:55:11,17.69
2025-02-19 20:55:13,17.62
2025-02-19 20:55:15,17.69
2025-02-19 20:55:17,17.69
2025-02-19 20:55:19,17.75
2025-02-19 20:55:21,17.69
2025-02-19 20:55:22,17.69
2025-02-19 20:55:24,17.69
2025-02-19 20:55:26,17.69
2025-02-19 20:55:28,17.69
2025-02-19 20:55:30,17.69
2025-02-19 20:55:31,17.69
2025-02-19 20:55:33,17.62
2025-02-19 20:55:35,17.69
2025-02-19 20:55:37,17.69
2025-02-19 20:55:39,17.69
2025-02-19 20:55:41,17.69
2025-02-19 20:55:42,17.69
2025-02-19 20:55:44,17.69
2025-02-19 20:55:46,17.69
2025-02-19 20:55:48,17.69
2025-02-19 20:55:50,17.62
2025-02-19 20:55:52,17.69
2025-02-19 20:55:53,17.56
2025-02-19 20:55:55,17.69
2025-02-19 20:55:57,17.69
2025-02-19 20:55:59,17.69
2025-02-19 20:56:01,17.69
2025-02-19 20:56:02,17.69
2025-02-19 20:56:04,17.69
2025-02-19 20:56:06,17.69
2025-02-19 20:56:08,17.69
2025-02-19 20:56:10,17.69
2025-02-19 20:56:12,17.69
2025-02-19 20:56:13,17.69
2025-02-19 20:56:15,17.69
2025-02-19 20:56:17,17.69
2025-02-19 20:56:19,17.69
2025-02-19 20:56:21,17.69
2025-02-19 20:56:23,17.69
2025-02-19 20:56:24,17.62
2025-02-19 20:56:35,17.56
2025-02-19 20:56:37,17.75
2025-02-19 20:56:38,17.69
2025-02-19 20:56:40,17.75
2025-02-19 20:56:42,17.69
2025-02-19 20:56:44,17.69
2025-02-19 20:56:46,17.69
2025-02-19 20:56:48,17.69
2025-02-19 20:56:49,17.69
2025-02-19 20:56:51,17.69
2025-02-19 20:56:53,17.69
2025-02-19 20:56:55,17.69
2025-02-19 20:56:57,17.69
2025-02-19 20:56:59,17.69
2025-02-19 20:57:00,17.75
2025-02-19 20:57:02,17.69
2025-02-19 20:57:04,17.69
2025-02-19 20:57:06,17.62
2025-02-19 20:57:08,17.69
2025-02-19 20:57:09,17.69
2025-02-19 20:57:11,17.69
2025-02-19 20:57:13,17.69
2025-02-19 20:57:15,17.69
2025-02-19 20:57:17,17.62
2025-02-19 20:57:19,17.69
2025-02-19 20:57:20,17.69
2025-02-19 20:57:22,17.69
2025-02-19 20:57:24,17.69
2025-02-19 20:57:26,17.69
2025-02-19 20:57:28,17.62
2025-02-19 20:57:30,17.69
2025-02-19 20:57:35,17.69
2025-02-19 20:57:37,17.56
2025-02-19 20:57:48,17.56
2025-02-19 20:57:50,17.69
2025-02-19 20:57:52,17.69
2025-02-19 20:57:53,17.56
2025-02-19 20:57:55,17.69
2025-02-19 20:57:57,17.62
2025-02-19 20:58:00,17.62
2025-02-19 20:58:02,17.56
2025-02-19 20:58:04,17.69
2025-02-19 20:58:06,17.69
2025-02-19 20:58:07,17.69
2025-02-19 20:58:09,17.69
2025-02-19 20:58:11,17.75
2025-02-19 20:58:13,17.69
2025-02-19 20:58:15,17.75
2025-02-19 20:58:17,17.75
2025-02-19 20:58:18,17.69
2025-02-19 20:58:20,17.69
2025-02-19 20:58:22,17.69
2025-02-19 20:58:24,17.69
2025-02-19 20:58:35,17.62
2025-02-19 20:58:37,17.69
2025-02-19 20:58:39,17.69
2025-02-19 20:58:40,17.69
2025-02-19 20:58:42,17.69
2025-02-19 20:58:44,17.69
2025-02-19 20:58:46,17.69
2025-02-19 20:58:57,17.62
2025-02-19 20:58:59,17.69
2025-02-19 20:59:01,17.69
2025-02-19 20:59:03,17.75
2025-02-19 20:59:04,17.75
2025-02-19 20:59:06,17.75
2025-02-19 20:59:08,17.75
2025-02-19 20:59:10,17.69
2025-02-19 20:59:12,17.62
2025-02-19 20:59:14,17.75
2025-02-19 20:59:15,17.75
2025-02-19 20:59:17,17.69
2025-02-19 20:59:19,17.75
2025-02-19 20:59:21,17.75
2025-02-19 20:59:23,17.69
2025-02-19 20:59:25,17.69
2025-02-19 20:59:26,17.75
2025-02-19 20:59:28,17.75
2025-02-19 20:59:30,17.75
2025-02-19 20:59:32,17.69
2025-02-19 20:59:34,17.75
2025-02-19 20:59:35,17.75
2025-02-19 20:59:37,17.75
2025-02-19 20:59:39,17.75
2025-02-19 20:59:41,17.75
2025-02-19 20:59:43,17.62
2025-02-19 20:59:45,17.75
2025-02-19 20:59:46,17.75
2025-02-19 20:59:48,17.75
2025-02-19 20:59:50,17.75
2025-02-19 20:59:52,17.75
2025-02-19 20:59:54,17.69
2025-02-19 20:59:56,17.75
2025-02-19 20:59:57,17.75
2025-02-19 20:59:59,17.75
2025-02-19 21:00:01,17.69
2025-02-19 21:00:03,17.75
2025-02-19 21:00:05,17.75
2025-02-19 21:00:06,17.75
2025-02-19 21:00:08,17.75
2025-02-19 21:00:10,17.75
2025-02-19 21:00:12,17.75
2025-02-19 21:00:14,17.69
2025-02-19 21:00:16,17.75
2025-02-19 21:00:17,17.75
2025-02-19 21:00:19,17.81
2025-02-19 21:00:21,17.81
2025-02-19 21:00:23,17.75
2025-02-19 21:00:25,17.75
2025-02-19 21:00:27,17.81
2025-02-19 21:00:28,17.75
2025-02-19 21:00:30,17.75
2025-02-19 21:00:32,17.81
2025-02-19 21:00:34,17.75
2025-02-19 21:00:36,17.75
2025-02-19 21:00:38,17.75
2025-02-19 21:00:39,17.81
2025-02-19 21:00:41,17.75
2025-02-19 21:00:43,17.81
2025-02-19 21:00:45,17.81
2025-02-19 21:00:47,17.69
2025-02-19 21:00:48,17.75
2025-02-19 21:00:50,17.81
2025-02-19 21:00:52,17.75
2025-02-19 21:00:54,17.75
2025-02-19 21:00:56,17.75
2025-02-19 21:00:58,17.81
2025-02-19 21:00:59,17.81
2025-02-19 21:01:01,17.81
2025-02-19 21:01:03,17.81
2025-02-19 21:01:05,17.81
2025-02-19 21:01:07,17.81
2025-02-19 21:01:09,17.69
2025-02-19 21:01:10,17.81
2025-02-19 21:01:12,17.81
2025-02-19 21:01:14,17.81
2025-02-19 21:01:16,17.81
2025-02-19 21:01:18,17.81
2025-02-19 21:01:19,17.88
2025-02-19 21:01:21,17.81
2025-02-19 21:01:23,17.81
2025-02-19 21:01:25,17.81
2025-02-19 21:01:27,17.81
2025-02-19 21:01:29,17.81
2025-02-19 21:01:31,17.81
2025-02-19 21:01:32,17.81
2025-02-19 21:01:34,17.81
2025-02-19 21:01:36,17.81
2025-02-19 21:01:38,17.81
2025-02-19 21:01:40,17.81
2025-02-19 21:01:41,17.81
2025-02-19 21:01:43,17.81
2025-02-19 21:01:45,17.88
2025-02-19 21:01:47,17.88
2025-02-19 21:01:49,17.81
2025-02-19 21:01:51,17.88
2025-02-19 21:01:52,17.81
2025-02-19 21:01:54,17.81
2025-02-19 21:01:56,17.81
2025-02-19 21:01:58,17.81
2025-02-19 21:02:00,17.81
2025-02-19 21:02:02,17.81
2025-02-19 21:02:03,17.81
2025-02-19 21:02:05,17.81
2025-02-19 21:02:07,17.81
2025-02-19 21:02:09,17.81
2025-02-19 21:02:11,17.81
2025-02-19 21:02:12,17.81
2025-02-19 21:02:14,17.81
2025-02-19 21:02:16,17.81
2025-02-19 21:02:18,17.81
2025-02-19 21:02:20,17.81
2025-02-19 21:02:22,17.81
2025-02-19 21:02:23,17.81
2025-02-19 21:02:25,17.81
2025-02-19 21:02:27,17.88
2025-02-19 21:02:29,17.81
2025-02-19 21:02:31,17.81
2025-02-19 21:02:33,17.88
2025-02-19 21:02:34,17.81
2025-02-19 21:02:36,17.81
2025-02-19 21:02:38,17.81
2025-02-19 21:02:40,17.81
2025-02-19 21:02:42,17.81
2025-02-19 21:02:44,17.81
2025-02-19 21:02:45,17.81
2025-02-19 21:02:47,17.81
2025-02-19 21:02:49,17.81
2025-02-19 21:02:51,17.88
2025-02-19 21:02:53,17.81
2025-02-19 21:02:54,17.81
2025-02-19 21:02:56,17.81
2025-02-19 21:02:58,17.81
2025-02-19 21:03:00,17.81
2025-02-19 21:03:02,17.81
2025-02-19 21:03:04,17.81
2025-02-19 21:03:05,17.88
2025-02-19 21:03:07,17.88
2025-02-19 21:03:09,17.88
2025-02-19 21:03:11,17.81
2025-02-19 21:03:13,17.81
2025-02-19 21:03:15,17.75
2025-02-19 21:03:16,17.81
2025-02-19 21:03:18,17.88
2025-02-19 21:03:20,17.88
2025-02-19 21:03:22,17.88
2025-02-19 21:03:24,17.81
2025-02-19 21:03:25,17.81
2025-02-19 21:03:27,17.88
2025-02-19 21:03:29,17.88
2025-02-19 21:03:31,17.88
2025-02-19 21:03:33,17.88
2025-02-19 21:03:35,17.81
2025-02-19 21:03:36,17.88
2025-02-19 21:03:38,17.88
2025-02-19 21:03:40,17.88
2025-02-19 21:03:42,17.88
2025-02-19 21:03:44,17.88
2025-02-19 21:03:46,17.88
2025-02-19 21:03:47,17.88
2025-02-19 21:03:49,17.88
2025-02-19 21:03:51,17.88
2025-02-19 21:03:53,17.88
2025-02-19 21:03:55,17.81
2025-02-19 21:03:56,17.88
2025-02-19 21:03:58,17.88
2025-02-19 21:04:00,17.88
2025-02-19 21:04:02,17.88
2025-02-19 21:04:04,17.88
2025-02-19 21:04:06,17.81
2025-02-19 21:04:07,17.94
2025-02-19 21:04:09,17.94
2025-02-19 21:04:11,17.81
2025-02-19 21:04:13,17.88
2025-02-19 21:04:15,17.88
2025-02-19 21:04:17,17.88
2025-02-19 21:04:18,17.88
2025-02-19 21:04:20,17.88
2025-02-19 21:04:22,17.88
2025-02-19 21:04:24,17.88
2025-02-19 21:04:26,17.81
2025-02-19 21:04:28,17.88
2025-02-19 21:04:29,17.88
2025-02-19 21:04:31,17.94
2025-02-19 21:04:33,17.94
2025-02-19 21:04:35,17.88
2025-02-19 21:04:37,17.88
2025-02-19 21:04:38,17.94
2025-02-19 21:04:40,17.94
2025-02-19 21:04:42,17.94
2025-02-19 21:04:44,17.94
2025-02-19 21:04:46,17.94
2025-02-19 21:04:48,17.94
2025-02-19 21:04:49,17.81
2025-02-19 21:04:51,17.94
2025-02-19 21:04:53,17.94
2025-02-19 21:04:55,17.94
2025-02-19 21:04:57,17.94
2025-02-19 21:04:59,17.94
2025-02-19 21:05:00,17.88
2025-02-19 21:05:02,17.88
2025-02-19 21:05:04,17.94
2025-02-19 21:05:06,17.94
2025-02-19 21:05:08,17.88
2025-02-19 21:05:09,17.88
2025-02-19 21:05:11,17.94
2025-02-19 21:05:13,17.94
2025-02-19 21:05:15,17.94
2025-02-19 21:05:17,17.94
2025-02-19 21:05:19,17.88
2025-02-19 21:05:20,17.94
2025-02-19 21:05:22,17.94
2025-02-19 21:05:24,17.94
2025-02-19 21:05:26,17.94
2025-02-19 21:05:28,17.94
2025-02-19 21:05:30,17.94
2025-02-19 21:05:31,17.94
2025-02-19 21:05:33,17.94
2025-02-19 21:05:35,17.94
2025-02-19 21:05:37,17.94
2025-02-19 21:05:39,17.94
2025-02-19 21:05:41,18.0
2025-02-19 21:05:42,18.0
2025-02-19 21:05:44,17.94
2025-02-19 21:05:46,17.94
2025-02-19 21:05:48,17.94
2025-02-19 21:05:50,17.88
2025-02-19 21:05:51,18.0
2025-02-19 21:05:53,17.94
2025-02-19 21:05:55,18.0
2025-02-19 21:05:57,18.0
2025-02-19 21:05:59,18.0
2025-02-19 21:06:01,17.94
2025-02-19 21:06:02,18.0
2025-02-19 21:06:04,18.0
2025-02-19 21:06:06,18.0
2025-02-19 21:06:08,18.0
2025-02-19 21:06:10,18.0
2025-02-19 21:06:12,17.88
2025-02-19 21:06:13,18.0
2025-02-19 21:06:15,17.94
2025-02-19 21:06:17,17.94
2025-02-19 21:06:19,18.0
2025-02-19 21:06:21,17.94
2025-02-19 21:06:22,18.0
2025-02-19 21:06:24,18.0
2025-02-19 21:06:26,18.0
2025-02-19 21:06:28,18.0
2025-02-19 21:06:30,17.94
2025-02-19 21:06:32,17.94
2025-02-19 21:06:33,17.94
2025-02-19 21:06:35,18.0
2025-02-19 21:06:37,18.0
2025-02-19 21:06:39,18.0
2025-02-19 21:06:41,18.0
2025-02-19 21:06:43,17.94
2025-02-19 21:06:44,18.0
2025-02-19 21:06:46,18.0
2025-02-19 21:06:48,18.0
2025-02-19 21:06:50,18.0
2025-02-19 21:06:52,18.0
2025-02-19 21:06:53,17.88
2025-02-19 21:06:55,17.94
2025-02-19 21:06:57,17.94
2025-02-19 21:06:59,18.0
2025-02-19 21:07:01,18.0
2025-02-19 21:07:03,17.94
2025-02-19 21:07:04,17.94
2025-02-19 21:07:06,17.94
2025-02-19 21:07:08,18.0
2025-02-19 21:07:10,18.0
2025-02-19 21:07:12,18.0
2025-02-19 21:07:14,18.0
2025-02-19 21:07:15,18.0
2025-02-19 21:07:17,18.0
2025-02-19 21:07:19,18.0
2025-02-19 21:07:21,18.0
2025-02-19 21:07:23,18.0
2025-02-19 21:07:25,18.0
2025-02-19 21:07:26,18.0
2025-02-19 21:07:28,18.0
2025-02-19 21:07:30,18.0
2025-02-19 21:07:32,18.0
2025-02-19 21:07:34,18.0
2025-02-19 21:07:35,17.94
2025-02-19 21:07:37,18.0
2025-02-19 21:07:39,18.06
2025-02-19 21:07:41,18.0
2025-02-19 21:07:43,18.0
2025-02-19 21:07:45,18.0
2025-02-19 21:07:46,18.0
2025-02-19 21:07:48,18.06
2025-02-19 21:07:50,18.06
2025-02-19 21:07:52,18.0
2025-02-19 21:07:54,18.06
2025-02-19 21:07:56,18.0
2025-02-19 21:07:57,18.0
2025-02-19 21:07:59,18.06
2025-02-19 21:08:01,18.0
2025-02-19 21:08:03,18.0
2025-02-19 21:08:05,18.06
2025-02-19 21:08:06,18.06
